{
  "version": 2,
  "builds": [
    {
      "src": "api/**/*.ts",
      "use": "@vercel/node"
    },
    {
      "src": "package.json",
      "use": "@vercel/static-build",
      "config": {
        "distDir": "dist/public"
      }
    }
  ],
  "routes": [
    {
      "src": "/api/(.*)",
      "dest": "/api/index"
    },
    {
      "src": "/assets/(.*)",
      "dest": "/assets/$1"
    },
    {
      "src": "/(.*\\.(js|css|png|jpg|jpeg|gif|svg|ico|woff|woff2|ttf|eot))",
      "dest": "/$1"
    },
    {
      "src": "/(.*)",
      "dest": "/index.html"
    }
  ]
}
